REGION,PROVINCIA,COMUNA,NOM_REGION,NOM_PROVIN,NOM_COMUNA,TOTAL_VIVI,PARTICULAR,COLECTIVAS,TOTAL_PERS,HOMBRES,MUJERES,DENSIDAD,INDICE_MAS,INDICE_DEP,IND_DEP_JU,IND_DEP_AD,SHAPE_Leng,SHAPE_Area
15,151,15101,REGIÓN DE ARICA Y PARINACOTA,ARICA,ARICA,72639,72414,225,221364,109389,111975,46.2,97.7,48.9,32.7,16.2,385226.621813,5362875730.04
15,151,15102,REGIÓN DE ARICA Y PARINACOTA,ARICA,CAMARONES,948,927,21,1255,726,529,0.3,137.2,46.8,22.7,24.1,415486.324962,4424111594.23
15,152,15201,REGIÓN DE ARICA Y PARINACOTA,PARINACOTA,PUTRE,1917,1875,42,2765,2054,711,0.5,288.9,21.3,11.0,10.3,436546.355816,6578891019.49
15,152,15202,REGIÓN DE ARICA Y PARINACOTA,PARINACOTA,GENERAL LAGOS,697,686,11,684,412,272,0.3,151.5,41.9,21.4,20.5,258714.907928,2504779645.75
1,11,1101,REGIÓN DE TARAPACÁ,IQUIQUE,IQUIQUE,66986,66725,261,191468,94897,96571,83.7,98.3,43.8,30.5,13.3,439871.45709,2636780103.4
1,11,1107,REGIÓN DE TARAPACÁ,IQUIQUE,ALTO HOSPICIO,33178,33162,16,108375,54206,54169,188.9,100.1,48.3,42.0,6.3,109555.1237,655223786.153
1,14,1401,REGIÓN DE TARAPACÁ,TAMARUGAL,POZO ALMONTE,8926,8884,42,15711,8987,6724,1.1,133.7,43.3,33.0,10.3,770446.294707,15843650931.3
1,14,1402,REGIÓN DE TARAPACÁ,TAMARUGAL,CAMIÑA,1092,1088,4,1250,657,593,0.6,110.8,60.5,35.3,25.2,242555.638889,2486391361.93
1,14,1403,REGIÓN DE TARAPACÁ,TAMARUGAL,COLCHANE,2030,2025,5,1728,995,733,0.4,135.7,36.4,19.9,16.5,353257.698338,4528236010.91
1,14,1404,REGIÓN DE TARAPACÁ,TAMARUGAL,HUARA,2871,2863,8,2730,1501,1229,0.3,122.1,58.5,36.1,22.5,708182.803682,11867326723.0
1,14,1405,REGIÓN DE TARAPACÁ,TAMARUGAL,PICA,2726,2703,23,9296,6550,2746,1.0,238.5,25.1,15.7,9.5,691138.319064,10298034748.5
2,21,2101,REGIÓN DE ANTOFAGASTA,ANTOFAGASTA,ANTOFAGASTA,112451,112275,176,361873,181846,180027,11.8,101.0,40.8,29.7,11.1,1236881.75319,37127444662.3
2,21,2102,REGIÓN DE ANTOFAGASTA,ANTOFAGASTA,MEJILLONES,4216,3976,240,13467,8035,5432,3.8,147.9,33.7,26.2,7.5,383072.075508,4230302436.49
2,21,2103,REGIÓN DE ANTOFAGASTA,ANTOFAGASTA,SIERRA GORDA,570,527,43,10186,8662,1524,0.8,568.4,4.6,3.3,1.3,583905.195125,15344048415.000002
2,21,2104,REGIÓN DE ANTOFAGASTA,ANTOFAGASTA,TALTAL,4593,4548,45,13317,7481,5836,0.7,128.2,43.6,30.5,13.1,859635.693452,25089241903.000004
2,22,2201,REGIÓN DE ANTOFAGASTA,EL LOA,CALAMA,57307,56963,344,165731,86049,79682,10.6,108.0,40.8,31.4,9.4,703500.091208,18278099851.3
2,22,2202,REGIÓN DE ANTOFAGASTA,EL LOA,OLLAGÜE,439,427,12,321,207,114,0.1,181.6,34.3,24.3,10.0,308997.730257,3388897012.93
2,22,2203,REGIÓN DE ANTOFAGASTA,EL LOA,SAN PEDRO DE ATACAMA,4144,3972,172,10996,6161,4835,0.5,127.4,29.5,21.2,8.3,785747.280721,28098847866.300003
2,23,2301,REGIÓN DE ANTOFAGASTA,TOCOPILLA,TOCOPILLA,10670,10620,50,25186,12481,12705,6.2,98.2,52.8,36.6,16.2,432838.428649,4714545309.58
2,23,2302,REGIÓN DE ANTOFAGASTA,TOCOPILLA,MARÍA ELENA,1959,1865,94,6457,4092,2365,0.5,173.0,25.2,19.4,5.8,637254.833851,14561258607.8
3,31,3101,REGIÓN DE ATACAMA,COPIAPÓ,COPIAPÓ,55565,55453,112,153937,76627,77310,8.7,99.1,46.8,33.8,13.0,1392631.04596,22623871505.2
3,31,3102,REGIÓN DE ATACAMA,COPIAPÓ,CALDERA,15651,15612,39,17662,9094,8568,4.8,106.1,48.6,33.7,14.9,555113.071358,4667094789.55
3,31,3103,REGIÓN DE ATACAMA,COPIAPÓ,TIERRA AMARILLA,4745,4705,40,14019,7796,6223,1.2,125.3,43.1,32.2,10.9,749082.453307,14462008001.3
3,32,3201,REGIÓN DE ATACAMA,CHAÑARAL,CHAÑARAL,6153,6122,31,12219,6270,5949,2.1,105.4,54.2,37.2,17.0,501721.078087,7222324856.8
3,32,3202,REGIÓN DE ATACAMA,CHAÑARAL,DIEGO DE ALMAGRO,6914,6812,102,13925,7486,6439,0.7,116.3,44.3,33.9,10.4,938016.51663,23699974502.499996
3,33,3301,REGIÓN DE ATACAMA,HUASCO,VALLENAR,19402,19339,63,51917,25422,26495,7.2,96.0,54.1,35.2,18.9,712645.75652,9410173103.71
3,33,3302,REGIÓN DE ATACAMA,HUASCO,ALTO DEL CARMEN,2927,2903,24,5299,2925,2374,0.9,123.2,55.4,30.0,25.4,527155.309164,8078731142.520001
3,33,3303,REGIÓN DE ATACAMA,HUASCO,FREIRINA,3511,3498,13,7041,3557,3484,2.2,102.1,55.7,35.9,19.7,490348.224644,4212751840.48
3,33,3304,REGIÓN DE ATACAMA,HUASCO,HUASCO,6226,6201,25,10149,5243,4906,6.3,106.9,51.7,33.6,18.1,358767.282952,2071849107.05
4,41,4101,REGIÓN DE COQUIMBO,ELQUI,LA SERENA,87464,87267,197,221054,105836,115218,116.3,91.9,47.5,31.3,16.2,306997.850496,2532762459.13
4,41,4102,REGIÓN DE COQUIMBO,ELQUI,COQUIMBO,89499,89339,160,227730,109872,117858,159.8,93.2,49.2,33.4,15.8,325049.69973,1915023875.32
4,41,4103,REGIÓN DE COQUIMBO,ELQUI,ANDACOLLO,4506,4491,15,11044,5519,5525,21.5,99.9,55.8,34.6,21.2,150059.636966,692011216.393
4,41,4104,REGIÓN DE COQUIMBO,ELQUI,LA HIGUERA,2660,2643,17,4241,2236,2005,1.0,111.5,56.3,35.4,20.9,531925.626243,5499324395.54
4,41,4105,REGIÓN DE COQUIMBO,ELQUI,PAIGUANO,2373,2348,25,4497,2240,2257,3.0,99.2,49.9,28.1,21.8,241573.387058,2035479422.65
4,41,4106,REGIÓN DE COQUIMBO,ELQUI,VICUÑA,10779,10733,46,27771,13792,13979,3.7,98.7,52.0,33.2,18.8,684220.659773,10121549266.9
4,42,4201,REGIÓN DE COQUIMBO,CHOAPA,ILLAPEL,12320,12285,35,30848,14739,16109,11.7,91.5,56.0,34.2,21.8,418774.861986,3629461985.2399993
4,42,4202,REGIÓN DE COQUIMBO,CHOAPA,CANELA,5278,5270,8,9093,4632,4461,4.1,103.8,62.0,29.6,32.4,354071.937219,3023150714.8200006
4,42,4203,REGIÓN DE COQUIMBO,CHOAPA,LOS VILOS,13288,13237,51,21382,11061,10321,11.5,107.2,51.5,31.7,19.7,339525.338492,2590511814.08
4,42,4204,REGIÓN DE COQUIMBO,CHOAPA,SALAMANCA,10697,10612,85,29347,15712,13635,8.5,115.2,47.4,28.9,18.5,437599.433544,4794187013.53
4,43,4301,REGIÓN DE COQUIMBO,LIMARÍ,OVALLE,42095,42039,56,111272,53619,57653,31.3,93.0,52.4,34.1,18.3,561741.851331,4812124884.65
4,43,4302,REGIÓN DE COQUIMBO,LIMARÍ,COMBARBALÁ,6999,6980,19,13322,6656,6666,5.8,99.8,59.3,29.2,30.1,328965.482852,3144702788.17
4,43,4303,REGIÓN DE COQUIMBO,LIMARÍ,MONTE PATRIA,13074,13043,31,30751,15270,15481,7.3,98.6,55.0,34.5,20.5,442605.583509,5731217023.19
4,43,4304,REGIÓN DE COQUIMBO,LIMARÍ,PUNITAQUI,4812,4806,6,10956,5452,5504,10.0,99.1,60.3,36.4,23.9,268506.199801,1489514351.26
4,43,4305,REGIÓN DE COQUIMBO,LIMARÍ,RÍO HURTADO,2764,2751,13,4278,2138,2140,1.9,99.9,59.6,28.1,31.4,362741.379606,2976173995.2799997
5,51,5101,REGIÓN DE VALPARAÍSO,VALPARAÍSO,VALPARAÍSO,117196,116835,361,296655,144945,151710,935.3,95.5,45.2,25.8,19.4,167384.230673,452071490.643
5,51,5102,REGIÓN DE VALPARAÍSO,VALPARAÍSO,CASABLANCA,11606,11588,18,26867,13346,13521,28.1,98.7,47.5,29.6,17.9,243996.512017,1370067308.03
5,51,5103,REGIÓN DE VALPARAÍSO,VALPARAÍSO,CONCÓN,20290,20266,24,42152,20321,21831,549.9,93.1,45.1,28.2,16.8,57332.8184268,109192602.14000002
5,51,5104,REGIÓN DE VALPARAÍSO,VALPARAÍSO,JUAN FERNÁNDEZ,445,438,7,926,499,427,8.7,116.9,41.4,29.2,12.2,142974.465163,150532370.108
5,51,5105,REGIÓN DE VALPARAÍSO,VALPARAÍSO,PUCHUNCAVÍ,17451,17436,15,18546,9358,9188,61.7,101.9,52.2,30.3,21.9,123980.405362,425977614.86600006
5,51,5107,REGIÓN DE VALPARAÍSO,VALPARAÍSO,QUINTERO,17442,17417,25,31923,15834,16089,218.4,98.4,51.7,31.5,20.2,91870.5137128,207524809.422
5,51,5109,REGIÓN DE VALPARAÍSO,VALPARAÍSO,VIÑA DEL MAR,147117,146844,273,334248,158669,175579,2772.2,90.4,45.7,24.1,21.6,72706.6268306,172001380.167
5,52,5201,REGIÓN DE VALPARAÍSO,ISLA DE PASCUA,ISLA DE PASCUA,3136,3022,114,7750,3819,3931,31.5,97.2,37.6,29.1,8.4,87393.7212851,207903357.637
5,53,5301,REGIÓN DE VALPARAÍSO,LOS ANDES,LOS ANDES,23661,23581,80,66708,33289,33419,54.1,99.6,46.9,29.2,17.7,271270.831536,1757398388.89
5,53,5302,REGIÓN DE VALPARAÍSO,LOS ANDES,CALLE LARGA,5488,5484,4,14832,7328,7504,46.0,97.7,51.5,34.3,17.2,119394.596809,458933999.075
5,53,5303,REGIÓN DE VALPARAÍSO,LOS ANDES,RINCONADA,3634,3622,12,10207,5134,5073,82.9,101.2,51.7,35.1,16.6,69098.9261025,175026759.592
5,53,5304,REGIÓN DE VALPARAÍSO,LOS ANDES,SAN ESTEBAN,7323,7317,6,18855,9303,9552,13.7,97.4,50.9,32.9,18.0,220295.878694,1946417524.9699998
5,54,5401,REGIÓN DE VALPARAÍSO,PETORCA,LA LIGUA,17309,17285,24,35390,17340,18050,30.4,96.1,51.0,30.5,20.5,253834.59679,1636332009.75
5,54,5402,REGIÓN DE VALPARAÍSO,PETORCA,CABILDO,7064,7052,12,19388,9467,9921,13.3,95.4,52.8,33.7,19.1,298882.757036,2049622739.96
5,54,5403,REGIÓN DE VALPARAÍSO,PETORCA,PAPUDO,5823,5814,9,6356,3341,3015,38.1,110.8,42.4,24.8,17.6,82471.29159740002,234596116.741
5,54,5404,REGIÓN DE VALPARAÍSO,PETORCA,PETORCA,4446,4435,11,9826,4889,4937,6.5,99.0,51.7,29.1,22.6,256687.215877,2123642732.51
5,54,5405,REGIÓN DE VALPARAÍSO,PETORCA,ZAPALLAR,6961,6954,7,7339,3704,3635,25.4,101.9,48.8,27.0,21.8,115527.976459,408040671.804
5,55,5501,REGIÓN DE VALPARAÍSO,QUILLOTA,QUILLOTA,33118,33068,50,90517,43537,46980,300.2,92.7,49.9,30.0,19.8,105623.430969,428803372.775
5,55,5502,REGIÓN DE VALPARAÍSO,QUILLOTA,CALERA,18106,18093,13,50554,24462,26092,852.4,93.8,50.7,31.0,19.7,66716.0714516,84013059.8253
5,55,5503,REGIÓN DE VALPARAÍSO,QUILLOTA,HIJUELAS,6596,6589,7,17988,9037,8951,66.9,101.0,48.1,30.6,17.5,107612.961592,382230816.1499999
5,55,5504,REGIÓN DE VALPARAÍSO,QUILLOTA,LA CRUZ,8064,8061,3,22098,10656,11442,282.8,93.1,49.7,34.2,15.4,57173.0939518,111108703.44
5,55,5506,REGIÓN DE VALPARAÍSO,QUILLOTA,NOGALES,7690,7681,9,22120,10799,11321,54.6,95.4,52.2,32.0,20.1,122642.423882,573579478.092
5,56,5601,REGIÓN DE VALPARAÍSO,SAN ANTONIO,SAN ANTONIO,32493,32410,83,91350,44713,46637,229.2,95.9,49.6,30.6,19.0,148715.271527,576533853.268
5,56,5602,REGIÓN DE VALPARAÍSO,SAN ANTONIO,ALGARROBO,19956,19944,12,13817,6734,7083,78.7,95.1,58.4,27.8,30.6,87074.7894242,252180955.712
5,56,5603,REGIÓN DE VALPARAÍSO,SAN ANTONIO,CARTAGENA,15778,15758,20,22738,11265,11473,93.0,98.2,58.4,32.0,26.4,109229.131585,352543422.104
5,56,5604,REGIÓN DE VALPARAÍSO,SAN ANTONIO,EL QUISCO,18312,18260,52,15955,7826,8129,315.0,96.3,63.6,29.3,34.3,50235.9748656,72809580.029
5,56,5605,REGIÓN DE VALPARAÍSO,SAN ANTONIO,EL TABO,20596,20568,28,13286,6682,6604,134.2,101.2,61.3,27.8,33.5,72091.6562439,142687726.8
5,56,5606,REGIÓN DE VALPARAÍSO,SAN ANTONIO,SANTO DOMINGO,7828,7820,8,10900,5428,5472,20.5,99.2,51.1,30.9,20.2,145674.803349,771919877.2349999
5,57,5701,REGIÓN DE VALPARAÍSO,SAN FELIPE DE ACONCAGUA,SAN FELIPE,27708,27672,36,76844,37219,39625,411.2,93.9,49.3,31.9,17.4,113645.973351,264713669.643
5,57,5702,REGIÓN DE VALPARAÍSO,SAN FELIPE DE ACONCAGUA,CATEMU,5171,5164,7,13998,6982,7016,38.8,99.5,52.0,31.8,20.2,111602.032774,511378437.558
5,57,5703,REGIÓN DE VALPARAÍSO,SAN FELIPE DE ACONCAGUA,LLAILLAY,8927,8913,14,24608,12216,12392,70.5,98.6,51.1,32.5,18.6,116252.44637,496434423.747
5,57,5704,REGIÓN DE VALPARAÍSO,SAN FELIPE DE ACONCAGUA,PANQUEHUE,2514,2509,5,7273,3677,3596,60.1,102.3,49.7,32.3,17.5,66678.99866510002,171872797.181
5,57,5705,REGIÓN DE VALPARAÍSO,SAN FELIPE DE ACONCAGUA,PUTAENDO,6337,6312,25,16754,8358,8396,11.5,99.5,53.2,30.4,22.8,265557.48015,2045289012.7099998
5,57,5706,REGIÓN DE VALPARAÍSO,SAN FELIPE DE ACONCAGUA,SANTA MARÍA,5587,5584,3,15241,7586,7655,92.0,99.1,49.7,31.0,18.6,90401.8355752,234560072.445
5,58,5801,REGIÓN DE VALPARAÍSO,MARGA MARGA,QUILPUÉ,56851,56819,32,151708,71746,79962,283.0,89.7,49.4,27.5,21.9,191961.050036,766337794.496
5,58,5802,REGIÓN DE VALPARAÍSO,MARGA MARGA,LIMACHE,16710,16683,27,46121,22353,23768,156.2,94.0,52.2,30.9,21.3,140932.54337,421179751.917
5,58,5803,REGIÓN DE VALPARAÍSO,MARGA MARGA,OLMUÉ,9090,9085,5,17516,8597,8919,75.7,96.4,53.6,29.3,24.3,83271.9293983,329842005.129
5,58,5804,REGIÓN DE VALPARAÍSO,MARGA MARGA,VILLA ALEMANA,44982,44937,45,126548,59756,66792,1318.0,89.5,49.3,29.8,19.5,60159.7378845,136992830.87
13,131,13101,REGIÓN METROPOLITANA DE SANTIAGO,SANTIAGO,SANTIAGO,193628,193263,365,404495,206678,197817,17485.2,104.5,24.4,15.2,9.2,28964.1735845,33366985.7659
13,131,13102,REGIÓN METROPOLITANA DE SANTIAGO,SANTIAGO,CERRILLOS,24547,24531,16,80832,39631,41201,4818.8,96.2,47.0,29.5,17.5,25050.8821697,24197898.466
13,131,13103,REGIÓN METROPOLITANA DE SANTIAGO,SANTIAGO,CERRO NAVIA,38020,38016,4,132622,65438,67184,11949.6,97.4,47.4,29.2,18.2,19750.0827819,16101300.8765
13,131,13104,REGIÓN METROPOLITANA DE SANTIAGO,SANTIAGO,CONCHALÍ,37759,37735,24,126955,61877,65078,11427.9,95.1,47.8,27.5,20.3,16776.2039902,15905958.982
13,131,13105,REGIÓN METROPOLITANA DE SANTIAGO,SANTIAGO,EL BOSQUE,47941,47892,49,162505,79372,83133,11344.6,95.5,48.2,30.1,18.1,18499.7131897,20556193.0057
13,131,13106,REGIÓN METROPOLITANA DE SANTIAGO,SANTIAGO,ESTACIÓN CENTRAL,52486,52413,73,147041,73458,73583,10244.4,99.8,39.2,22.7,16.5,22529.2923239,20762011.6088
13,131,13107,REGIÓN METROPOLITANA DE SANTIAGO,SANTIAGO,HUECHURABA,28945,28939,6,98671,48122,50549,2197.5,95.2,48.9,34.7,14.2,38454.1463416,64682843.301
13,131,13108,REGIÓN METROPOLITANA DE SANTIAGO,SANTIAGO,INDEPENDENCIA,36666,36612,54,100281,49186,51095,13627.2,96.3,38.4,23.2,15.2,13645.1572235,10657655.6463
13,131,13109,REGIÓN METROPOLITANA DE SANTIAGO,SANTIAGO,LA CISTERNA,31480,31421,59,90119,43147,46972,9030.7,91.9,47.4,26.2,21.2,15270.0703889,14552391.0074
13,131,13110,REGIÓN METROPOLITANA DE SANTIAGO,SANTIAGO,LA FLORIDA,120035,119960,75,366916,175693,191223,5180.7,91.9,45.3,26.6,18.6,58877.6196739,102326496.45799999
13,131,13111,REGIÓN METROPOLITANA DE SANTIAGO,SANTIAGO,LA GRANJA,34423,34403,20,116571,57025,59546,11553.6,95.8,45.5,28.2,17.4,16953.2650997,14638990.9861
13,131,13112,REGIÓN METROPOLITANA DE SANTIAGO,SANTIAGO,LA PINTANA,50042,50012,30,177335,87044,90291,5823.6,96.4,48.5,34.9,13.6,31888.3680799,44102900.2793
13,131,13113,REGIÓN METROPOLITANA DE SANTIAGO,SANTIAGO,LA REINA,29801,29732,69,92787,43599,49188,3958.8,88.6,48.7,26.5,22.2,28281.8269195,33685680.5009
13,131,13114,REGIÓN METROPOLITANA DE SANTIAGO,SANTIAGO,LAS CONDES,118007,117901,106,294838,135917,158921,2977.0,85.5,44.7,22.1,22.6,61357.3484094,142733761.151
13,131,13115,REGIÓN METROPOLITANA DE SANTIAGO,SANTIAGO,LO BARNECHEA,31225,31195,30,105833,50500,55333,103.4,91.3,44.6,33.6,11.0,177255.593894,1469094240.93
13,131,13116,REGIÓN METROPOLITANA DE SANTIAGO,SANTIAGO,LO ESPEJO,26774,26762,12,98804,49146,49658,11986.6,99.0,45.8,28.7,17.1,13747.2052386,11704346.9658
13,131,13117,REGIÓN METROPOLITANA DE SANTIAGO,SANTIAGO,LO PRADO,29526,29516,10,96249,46799,49450,14672.9,94.6,48.7,27.0,21.6,12768.2584207,9445860.49875
13,131,13118,REGIÓN METROPOLITANA DE SANTIAGO,SANTIAGO,MACUL,43121,43085,36,116534,55161,61373,9074.2,89.9,45.8,24.4,21.4,18281.4248054,18520195.4395
13,131,13119,REGIÓN METROPOLITANA DE SANTIAGO,SANTIAGO,MAIPÚ,161354,161301,53,521627,250792,270835,3788.7,92.6,40.3,27.1,13.2,73181.78729570002,198389205.115
13,131,13120,REGIÓN METROPOLITANA DE SANTIAGO,SANTIAGO,ÑUÑOA,92248,92121,127,208237,95409,112828,12353.0,84.6,41.8,21.1,20.7,21168.7374639,24312289.9678
13,131,13121,REGIÓN METROPOLITANA DE SANTIAGO,SANTIAGO,PEDRO AGUIRRE CERDA,29906,29890,16,101174,49513,51661,11553.8,95.8,47.2,26.3,20.9,15593.0083732,12650067.139299998
13,131,13122,REGIÓN METROPOLITANA DE SANTIAGO,SANTIAGO,PEÑALOLÉN,70394,70376,18,241599,116882,124717,4506.9,93.7,44.2,29.3,14.9,43484.8729598,77268398.3348
13,131,13123,REGIÓN METROPOLITANA DE SANTIAGO,SANTIAGO,PROVIDENCIA,70965,70738,227,142079,65710,76369,9873.1,86.0,39.2,17.4,21.8,19164.5569859,20543805.6185
13,131,13124,REGIÓN METROPOLITANA DE SANTIAGO,SANTIAGO,PUDAHUEL,68940,68918,22,230293,112412,117881,1167.5,95.4,41.5,29.5,12.0,85102.01883830002,283968135.498
13,131,13125,REGIÓN METROPOLITANA DE SANTIAGO,SANTIAGO,QUILICURA,62470,62461,9,210410,103456,106954,3670.7,96.7,39.3,31.7,7.6,41289.8443716,82393986.6449
13,131,13126,REGIÓN METROPOLITANA DE SANTIAGO,SANTIAGO,QUINTA NORMAL,38989,38951,38,110026,53669,56357,9311.9,95.2,43.9,25.2,18.7,20954.3840224,16872413.2784
13,131,13127,REGIÓN METROPOLITANA DE SANTIAGO,SANTIAGO,RECOLETA,50178,50113,65,157851,77709,80142,10000.2,97.0,44.0,26.0,18.1,22059.8162218,22677272.6587
13,131,13128,REGIÓN METROPOLITANA DE SANTIAGO,SANTIAGO,RENCA,43174,43165,9,147151,72681,74470,6194.4,97.6,46.8,32.1,14.7,34207.3140983,34035034.2104
13,131,13129,REGIÓN METROPOLITANA DE SANTIAGO,SANTIAGO,SAN JOAQUÍN,30096,30071,25,94492,45831,48661,9504.2,94.2,47.1,25.3,21.8,16866.6671034,14196855.116100002
13,131,13130,REGIÓN METROPOLITANA DE SANTIAGO,SANTIAGO,SAN MIGUEL,42947,42893,54,107954,50738,57216,11229.8,88.7,41.6,23.5,18.1,16018.4566352,14038301.520700002
13,131,13131,REGIÓN METROPOLITANA DE SANTIAGO,SANTIAGO,SAN RAMÓN,23855,23843,12,82900,40873,42027,13207.6,97.3,50.8,28.8,22.0,14023.8274374,8935112.55011
13,131,13132,REGIÓN METROPOLITANA DE SANTIAGO,SANTIAGO,VITACURA,31777,31745,32,85384,38402,46982,3003.8,81.7,56.4,28.8,27.5,30663.7992322,40948101.7143
13,132,13201,REGIÓN METROPOLITANA DE SANTIAGO,CORDILLERA,PUENTE ALTO,171511,171450,61,568106,275147,292959,6439.5,93.9,41.4,30.6,10.8,59058.9718483,127416650.049
13,132,13202,REGIÓN METROPOLITANA DE SANTIAGO,CORDILLERA,PIRQUE,8308,8296,12,26521,13429,13092,59.6,102.6,44.9,30.3,14.6,124097.246856,645581140.351
13,132,13203,REGIÓN METROPOLITANA DE SANTIAGO,CORDILLERA,SAN JOSÉ DE MAIPO,6926,6850,76,18189,9861,8328,3.7,118.4,40.6,25.1,15.5,576352.560585,7222227505.48
13,133,13301,REGIÓN METROPOLITANA DE SANTIAGO,CHACABUCO,COLINA,43028,43000,28,146207,74635,71572,150.6,104.3,47.5,38.7,8.8,203420.738385,1388291115.69
13,133,13302,REGIÓN METROPOLITANA DE SANTIAGO,CHACABUCO,LAMPA,33342,33316,26,102034,51545,50489,226.7,102.1,47.1,38.6,8.6,126276.02917,645915507.097
13,133,13303,REGIÓN METROPOLITANA DE SANTIAGO,CHACABUCO,TILTIL,6934,6900,34,19312,10047,9265,29.5,108.4,45.9,30.8,15.2,159192.437411,934028892.0659999
13,134,13401,REGIÓN METROPOLITANA DE SANTIAGO,MAIPO,SAN BERNARDO,90241,90193,48,301313,147800,153513,1970.9,96.3,45.7,33.1,12.6,102327.632886,221343836.949
13,134,13402,REGIÓN METROPOLITANA DE SANTIAGO,MAIPO,BUIN,31152,31109,43,96614,47575,49039,444.2,97.0,45.3,32.6,12.7,105298.632104,315540028.104
13,134,13403,REGIÓN METROPOLITANA DE SANTIAGO,MAIPO,CALERA DE TANGO,7601,7588,13,25392,12718,12674,347.2,100.3,43.6,30.0,13.5,53700.8482114,105831327.855
13,134,13404,REGIÓN METROPOLITANA DE SANTIAGO,MAIPO,PAINE,24462,24431,31,72759,36521,36238,107.4,100.8,46.2,32.0,14.2,194491.771303,985040694.464
13,135,13501,REGIÓN METROPOLITANA DE SANTIAGO,MELIPILLA,MELIPILLA,43393,43329,64,123627,61410,62217,91.4,98.7,48.1,31.0,17.1,277486.999115,1960011202.3099997
13,135,13502,REGIÓN METROPOLITANA DE SANTIAGO,MELIPILLA,ALHUÉ,2658,2627,31,6444,3516,2928,7.6,120.1,42.5,26.8,15.7,184082.712319,1233230276.33
13,135,13503,REGIÓN METROPOLITANA DE SANTIAGO,MELIPILLA,CURACAVÍ,11806,11784,22,32579,16222,16357,46.9,99.2,48.2,30.6,17.6,183504.970433,997658179.248
13,135,13504,REGIÓN METROPOLITANA DE SANTIAGO,MELIPILLA,MARÍA PINTO,4852,4850,2,13590,6830,6760,34.4,101.0,47.1,30.2,16.9,129127.987057,568714163.687
13,135,13505,REGIÓN METROPOLITANA DE SANTIAGO,MELIPILLA,SAN PEDRO,4187,4184,3,9726,5132,4594,12.4,111.7,54.8,32.7,22.1,193496.78572,1145957341.37
13,136,13601,REGIÓN METROPOLITANA DE SANTIAGO,TALAGANTE,TALAGANTE,23271,23251,20,74237,36769,37468,586.4,98.1,45.3,31.2,14.1,80507.1824379,183173128.132
13,136,13602,REGIÓN METROPOLITANA DE SANTIAGO,TALAGANTE,EL MONTE,11869,11860,9,35923,17793,18130,312.7,98.1,48.6,33.5,15.1,59105.8843169,166417181.638
13,136,13603,REGIÓN METROPOLITANA DE SANTIAGO,TALAGANTE,ISLA DE MAIPO,11826,11817,9,36219,18051,18168,191.3,99.4,47.5,32.4,15.1,95287.6892918,274806416.969
13,136,13604,REGIÓN METROPOLITANA DE SANTIAGO,TALAGANTE,PADRE HURTADO,20807,20787,20,63250,31452,31798,780.2,98.9,45.6,32.7,12.9,60467.8753963,116995683.84099999
13,136,13605,REGIÓN METROPOLITANA DE SANTIAGO,TALAGANTE,PEÑAFLOR,28549,28522,27,90201,43944,46257,1301.0,95.0,47.1,32.5,14.6,46417.5402285,100206934.727
6,61,6101,REGIÓN DEL LIBERTADOR GENERAL BERNARDO O'HIGGINS,CACHAPOAL,RANCAGUA,90043,89904,139,241774,117942,123832,923.7,95.2,47.7,31.1,16.6,96984.9825228,382835855.555
6,61,6102,REGIÓN DEL LIBERTADOR GENERAL BERNARDO O'HIGGINS,CACHAPOAL,CODEGUA,4402,4394,8,12988,6510,6478,45.5,100.5,46.4,31.1,15.3,150733.994458,417146783.21799994
6,61,6103,REGIÓN DEL LIBERTADOR GENERAL BERNARDO O'HIGGINS,CACHAPOAL,COINCO,2808,2804,4,7359,3729,3630,75.7,102.7,50.6,28.7,21.9,72907.5172259,142817347.785
6,61,6104,REGIÓN DEL LIBERTADOR GENERAL BERNARDO O'HIGGINS,CACHAPOAL,COLTAUCO,7567,7562,5,19597,9806,9791,88.1,100.2,50.1,31.3,18.7,106546.998657,326618189.062
6,61,6105,REGIÓN DEL LIBERTADOR GENERAL BERNARDO O'HIGGINS,CACHAPOAL,DOÑIHUE,7738,7732,6,20887,10394,10493,260.6,99.1,49.3,32.2,17.1,52774.795842,117361953.581
6,61,6106,REGIÓN DEL LIBERTADOR GENERAL BERNARDO O'HIGGINS,CACHAPOAL,GRANEROS,11391,11379,12,33437,16634,16803,297.9,99.0,48.7,34.5,14.2,66122.21950560002,164020453.397
6,61,6107,REGIÓN DEL LIBERTADOR GENERAL BERNARDO O'HIGGINS,CACHAPOAL,LAS CABRAS,11894,11863,31,24640,12656,11984,32.8,105.6,48.5,29.5,19.1,186833.928153,1098777079.15
6,61,6108,REGIÓN DEL LIBERTADOR GENERAL BERNARDO O'HIGGINS,CACHAPOAL,MACHALÍ,19701,19678,23,52505,25585,26920,20.2,95.0,48.9,36.7,12.3,342001.717615,3813705887.38
6,61,6109,REGIÓN DEL LIBERTADOR GENERAL BERNARDO O'HIGGINS,CACHAPOAL,MALLOA,5023,5018,5,13407,6819,6588,60.9,103.5,48.3,28.2,20.1,131887.385841,324704460.773
6,61,6110,REGIÓN DEL LIBERTADOR GENERAL BERNARDO O'HIGGINS,CACHAPOAL,MOSTAZAL,9100,9090,10,25343,12663,12680,48.3,99.9,49.0,32.4,16.6,150242.180919,764970785.8259999
6,61,6111,REGIÓN DEL LIBERTADOR GENERAL BERNARDO O'HIGGINS,CACHAPOAL,OLIVAR,4636,4630,6,13608,6822,6786,287.6,100.5,46.5,31.0,15.5,46209.0536468,69414146.5524
6,61,6112,REGIÓN DEL LIBERTADOR GENERAL BERNARDO O'HIGGINS,CACHAPOAL,PEUMO,4931,4924,7,14313,7237,7076,92.2,102.3,47.9,29.1,18.9,72526.4422007,227862745.537
6,61,6113,REGIÓN DEL LIBERTADOR GENERAL BERNARDO O'HIGGINS,CACHAPOAL,PICHIDEGUA,7287,7277,10,19714,10080,9634,61.8,104.6,48.8,28.6,20.2,123228.448201,468907659.17999995
6,61,6114,REGIÓN DEL LIBERTADOR GENERAL BERNARDO O'HIGGINS,CACHAPOAL,QUINTA DE TILCOCO,4740,4729,11,13002,6519,6483,149.9,100.6,47.5,28.6,18.9,53803.5171532,127652869.348
6,61,6115,REGIÓN DEL LIBERTADOR GENERAL BERNARDO O'HIGGINS,CACHAPOAL,RENGO,20848,20827,21,58825,28844,29981,100.6,96.2,48.7,31.6,17.0,199876.860832,862735968.9
6,61,6116,REGIÓN DEL LIBERTADOR GENERAL BERNARDO O'HIGGINS,CACHAPOAL,REQUÍNOA,9236,9210,26,27968,14125,13843,41.5,102.0,46.0,31.7,14.3,166382.733749,991141595.4260001
6,61,6117,REGIÓN DEL LIBERTADOR GENERAL BERNARDO O'HIGGINS,CACHAPOAL,SAN VICENTE,17584,17564,20,46766,23302,23464,96.6,99.3,49.4,29.4,19.9,145933.533613,714307297.466
6,62,6201,REGIÓN DEL LIBERTADOR GENERAL BERNARDO O'HIGGINS,CARDENAL CARO,PICHILEMU,12056,12029,27,16394,8289,8105,22.9,102.3,47.6,27.9,19.7,218509.91871,1052382635.6099999
6,62,6202,REGIÓN DEL LIBERTADOR GENERAL BERNARDO O'HIGGINS,CARDENAL CARO,LA ESTRELLA,1893,1891,2,3041,1603,1438,7.0,111.5,51.4,24.5,26.9,149534.4485,634667849.859
6,62,6203,REGIÓN DEL LIBERTADOR GENERAL BERNARDO O'HIGGINS,CARDENAL CARO,LITUECHE,3485,3476,9,6294,3287,3007,10.2,109.3,51.2,27.7,23.4,226737.243681,905889920.1560001
6,62,6204,REGIÓN DEL LIBERTADOR GENERAL BERNARDO O'HIGGINS,CARDENAL CARO,MARCHIHUE,3419,3411,8,7308,3745,3563,11.1,105.1,50.6,25.9,24.7,202216.295431,967222047.719
6,62,6205,REGIÓN DEL LIBERTADOR GENERAL BERNARDO O'HIGGINS,CARDENAL CARO,NAVIDAD,5525,5509,16,6641,3475,3166,22.2,109.8,59.7,25.7,34.0,114251.988764,435844576.9380001
6,62,6206,REGIÓN DEL LIBERTADOR GENERAL BERNARDO O'HIGGINS,CARDENAL CARO,PAREDONES,3852,3840,12,6188,3220,2968,10.8,108.5,53.5,24.3,29.3,162088.604814,850074173.694
6,63,6301,REGIÓN DEL LIBERTADOR GENERAL BERNARDO O'HIGGINS,COLCHAGUA,SAN FERNANDO,28736,28661,75,73973,36077,37896,31.9,95.2,49.4,31.9,17.5,321145.799304,3446549937.0400004
6,63,6302,REGIÓN DEL LIBERTADOR GENERAL BERNARDO O'HIGGINS,COLCHAGUA,CHÉPICA,5740,5736,4,15037,7577,7460,31.5,101.6,50.4,28.6,21.8,177737.645785,710036666.289
6,63,6303,REGIÓN DEL LIBERTADOR GENERAL BERNARDO O'HIGGINS,COLCHAGUA,CHIMBARONGO,12923,12909,14,35399,17824,17575,69.6,101.4,47.7,30.1,17.6,148337.570002,755422187.053
6,63,6304,REGIÓN DEL LIBERTADOR GENERAL BERNARDO O'HIGGINS,COLCHAGUA,LOLOL,2982,2976,6,6811,3471,3340,11.4,103.9,52.9,26.4,26.5,173083.864888,886407475.4140002
6,63,6305,REGIÓN DEL LIBERTADOR GENERAL BERNARDO O'HIGGINS,COLCHAGUA,NANCAGUA,6546,6535,11,17833,8830,9003,117.6,98.1,48.3,29.8,18.5,90301.8194489,224367071.73
6,63,6306,REGIÓN DEL LIBERTADOR GENERAL BERNARDO O'HIGGINS,COLCHAGUA,PALMILLA,4553,4549,4,12482,6331,6151,53.1,102.9,45.7,27.3,18.4,102886.830652,347149636.139
6,63,6307,REGIÓN DEL LIBERTADOR GENERAL BERNARDO O'HIGGINS,COLCHAGUA,PERALILLO,4490,4485,5,11007,5538,5469,39.0,101.3,49.1,27.3,21.8,116181.226373,416263186.3450001
6,63,6308,REGIÓN DEL LIBERTADOR GENERAL BERNARDO O'HIGGINS,COLCHAGUA,PLACILLA,3180,3174,6,8738,4432,4306,60.6,102.9,48.2,28.4,19.8,67740.83385150002,213666461.297
6,63,6309,REGIÓN DEL LIBERTADOR GENERAL BERNARDO O'HIGGINS,COLCHAGUA,PUMANQUE,1670,1668,2,3421,1751,1670,7.8,104.9,49.7,21.3,28.4,130162.841153,652377725.407
6,63,6310,REGIÓN DEL LIBERTADOR GENERAL BERNARDO O'HIGGINS,COLCHAGUA,SANTA CRUZ,14334,14300,34,37855,18593,19262,96.1,96.5,48.5,29.5,19.0,152689.619945,583245595.109
7,71,7101,REGIÓN DEL MAULE,TALCA,TALCA,80810,80575,235,220357,105622,114735,949.8,92.1,45.2,27.9,17.3,103620.784862,350271466.755
7,71,7102,REGIÓN DEL MAULE,TALCA,CONSTITUCIÓN,18740,18660,80,46068,23005,23063,34.5,99.7,47.5,32.5,14.9,316189.422569,2007967540.5
7,71,7103,REGIÓN DEL MAULE,TALCA,CUREPTO,4556,4550,6,9448,4852,4596,8.8,105.6,56.0,24.1,31.9,232997.134888,1600601692.1
7,71,7104,REGIÓN DEL MAULE,TALCA,EMPEDRADO,1660,1652,8,4142,2199,1943,7.3,113.2,48.8,29.9,18.9,173674.043075,860620384.987
7,71,7105,REGIÓN DEL MAULE,TALCA,MAULE,18683,18670,13,49721,24259,25462,204.6,95.3,48.7,38.6,10.1,98098.6158537,367211249.943
7,71,7106,REGIÓN DEL MAULE,TALCA,PELARCO,3282,3278,4,8422,4231,4191,25.5,101.0,51.8,29.7,22.1,137191.771138,498573968.538
7,71,7107,REGIÓN DEL MAULE,TALCA,PENCAHUE,3555,3551,4,8245,4242,4003,8.6,106.0,49.9,26.7,23.2,214402.305181,1438625970.74
7,71,7108,REGIÓN DEL MAULE,TALCA,RÍO CLARO,5506,5500,6,13906,7246,6660,32.1,108.8,47.5,28.2,19.3,175015.904282,650377519.115
7,71,7109,REGIÓN DEL MAULE,TALCA,SAN CLEMENTE,18387,18348,39,43269,21677,21592,9.6,100.4,49.8,31.3,18.5,545188.163602,6841275147.27
7,71,7110,REGIÓN DEL MAULE,TALCA,SAN RAFAEL,3593,3590,3,9191,4569,4622,34.9,98.9,52.3,33.2,19.1,117189.348633,395618297.09599996
7,72,7201,REGIÓN DEL MAULE,CAUQUENES,CAUQUENES,17895,17878,17,40441,19314,21127,19.0,91.4,56.7,31.0,25.7,373173.820279,3250404905.08
7,72,7202,REGIÓN DEL MAULE,CAUQUENES,CHANCO,3704,3697,7,8928,4450,4478,16.9,99.4,54.2,30.1,24.1,165847.525017,802100029.834
7,72,7203,REGIÓN DEL MAULE,CAUQUENES,PELLUHUE,5791,5758,33,7571,3765,3806,20.5,98.9,58.2,31.6,26.5,160176.485828,564084595.06
7,73,7301,REGIÓN DEL MAULE,CURICÓ,CURICÓ,54598,54549,49,149136,72511,76625,111.9,94.6,46.1,30.2,15.8,386869.812289,2001250359.96
7,73,7302,REGIÓN DEL MAULE,CURICÓ,HUALAÑÉ,4329,4322,7,9657,4883,4774,15.3,102.3,52.9,27.6,25.4,214202.162802,942370842.366
7,73,7303,REGIÓN DEL MAULE,CURICÓ,LICANTÉN,3959,3931,28,6653,3353,3300,24.5,101.6,49.8,27.7,22.2,138129.961071,405683610.012
7,73,7304,REGIÓN DEL MAULE,CURICÓ,MOLINA,17338,17305,33,45976,22635,23341,30.3,97.0,48.3,30.4,17.9,416934.249783,2287254841.93
7,73,7305,REGIÓN DEL MAULE,CURICÓ,RAUCO,4158,4156,2,10484,5238,5246,33.9,99.8,49.6,29.4,20.2,162931.804277,460962580.903
7,73,7306,REGIÓN DEL MAULE,CURICÓ,ROMERAL,5709,5684,25,15187,7624,7563,9.5,100.8,45.8,29.1,16.7,313962.221076,2399735650.97
7,73,7307,REGIÓN DEL MAULE,CURICÓ,SAGRADA FAMILIA,6842,6837,5,18544,9384,9160,33.8,102.4,45.9,27.9,18.1,159034.500882,820070281.1529999
7,73,7308,REGIÓN DEL MAULE,CURICÓ,TENO,10807,10789,18,28921,14764,14157,46.7,104.3,46.6,28.8,17.8,204317.219287,922297327.87
7,73,7309,REGIÓN DEL MAULE,CURICÓ,VICHUQUÉN,3465,3453,12,4322,2217,2105,9.6,105.3,52.0,26.1,25.8,143627.637328,671583317.615
7,74,7401,REGIÓN DEL MAULE,LINARES,LINARES,35676,35641,35,93602,44671,48931,63.8,91.3,50.1,31.3,18.8,350473.406788,2243375926.68
7,74,7402,REGIÓN DEL MAULE,LINARES,COLBÚN,9021,8995,26,20765,10205,10560,7.1,96.6,52.5,32.0,20.4,528791.854282,4488931911.77
7,74,7403,REGIÓN DEL MAULE,LINARES,LONGAVÍ,11888,11881,7,30534,15482,15052,21.0,102.9,48.9,29.5,19.4,325230.499355,2232577639.23
7,74,7404,REGIÓN DEL MAULE,LINARES,PARRAL,17448,17427,21,41637,20165,21472,25.4,93.9,53.8,32.4,21.4,429278.211657,2522235104.08
7,74,7405,REGIÓN DEL MAULE,LINARES,RETIRO,8260,8251,9,19974,10054,9920,24.2,101.4,50.9,30.1,20.9,242686.423532,1262941186.25
7,74,7406,REGIÓN DEL MAULE,LINARES,SAN JAVIER,17895,17869,26,45547,22002,23545,34.7,93.4,51.7,31.7,19.9,263007.491021,1987214684.6999998
7,74,7407,REGIÓN DEL MAULE,LINARES,VILLA ALEGRE,6833,6826,7,16221,7880,8341,85.4,94.5,53.4,30.8,22.6,88351.7982131,288426096.932
7,74,7408,REGIÓN DEL MAULE,LINARES,YERBAS BUENAS,6813,6811,2,18081,9125,8956,69.6,101.9,49.6,31.4,18.2,105830.963321,394528556.264
16,161,16101,REGIÓN DEL ÑUBLE,DIGUILLÍN,CHILLÁN,67854,67744,110,184739,87521,97218,388.9,90.0,46.7,28.9,17.8,257551.520453,737849044.644
16,161,16102,REGIÓN DEL ÑUBLE,DIGUILLÍN,BULNES,8751,8742,9,21493,10382,11111,50.3,93.4,51.1,29.9,21.3,138020.685335,666358727.069
16,161,16103,REGIÓN DEL ÑUBLE,DIGUILLÍN,CHILLÁN VIEJO,11276,11267,9,30907,14581,16326,117.2,89.3,46.9,33.0,13.9,112307.45845,410572534.91
16,161,16104,REGIÓN DEL ÑUBLE,DIGUILLÍN,EL CARMEN,4913,4909,4,12044,5967,6077,18.1,98.2,53.3,29.0,24.3,189569.12853,1044451751.2599999
16,161,16105,REGIÓN DEL ÑUBLE,DIGUILLÍN,PEMUCO,3430,3425,5,8448,4221,4227,15.0,99.9,50.4,29.5,20.9,242420.856768,882226498.579
16,161,16106,REGIÓN DEL ÑUBLE,DIGUILLÍN,PINTO,5429,5414,15,10827,5336,5491,9.8,97.2,49.2,27.1,22.1,323736.153776,1729502955.66
16,161,16107,REGIÓN DEL ÑUBLE,DIGUILLÍN,QUILLÓN,10739,10734,5,17485,8664,8821,43.0,98.2,54.2,27.8,26.3,158991.558757,635126893.078
16,161,16108,REGIÓN DEL ÑUBLE,DIGUILLÍN,SAN IGNACIO,6651,6647,4,16079,7882,8197,44.4,96.2,50.7,28.4,22.3,151410.984916,565992102.088
16,161,16109,REGIÓN DEL ÑUBLE,DIGUILLÍN,YUNGAY,8284,8265,19,17787,8964,8823,21.6,101.6,51.4,29.3,22.1,253489.313494,1297010794.74
16,162,16201,REGIÓN DEL ÑUBLE,ITATA,QUIRIHUE,5248,5234,14,11594,5679,5915,19.8,96.0,53.2,28.9,24.3,219747.250579,899020977.492
16,162,16202,REGIÓN DEL ÑUBLE,ITATA,COBQUECURA,3213,3199,14,5012,2525,2487,8.7,101.5,53.9,22.7,31.2,198607.147708,886199713.949
16,162,16203,REGIÓN DEL ÑUBLE,ITATA,COELEMU,6140,6128,12,15995,7873,8122,46.5,96.9,53.1,30.5,22.5,123516.388901,532782358.624
16,162,16204,REGIÓN DEL ÑUBLE,ITATA,NINHUE,2299,2297,2,5213,2567,2646,12.9,97.0,55.0,25.7,29.3,147825.294539,622034044.35
16,162,16205,REGIÓN DEL ÑUBLE,ITATA,PORTEZUELO,2070,2067,3,4862,2416,2446,16.8,98.8,54.1,27.3,26.8,107003.71976,447824611.149
16,162,16206,REGIÓN DEL ÑUBLE,ITATA,RÁNQUIL,2826,2821,5,5755,2842,2913,23.1,97.6,58.3,28.0,30.3,101751.029779,386357581.298
16,162,16207,REGIÓN DEL ÑUBLE,ITATA,TREGUACO,2524,2522,2,5401,2703,2698,17.2,100.2,52.7,27.8,24.9,147016.565326,484071325.927
16,163,16301,REGIÓN DEL ÑUBLE,PUNILLA,SAN CARLOS,20980,20963,17,53024,25425,27599,60.5,92.1,51.0,29.5,21.5,253659.891838,1354553609.41
16,163,16302,REGIÓN DEL ÑUBLE,PUNILLA,COIHUECO,10054,10048,6,26881,13424,13457,15.2,99.8,47.8,30.9,16.9,332897.784047,2760211455.44
16,163,16303,REGIÓN DEL ÑUBLE,PUNILLA,ÑIQUÉN,4842,4837,5,11152,5616,5536,22.6,101.4,56.1,28.1,28.1,192477.497218,761201673.773
16,163,16304,REGIÓN DEL ÑUBLE,PUNILLA,SAN FABIÁN,2306,2298,8,4308,2203,2105,2.8,104.7,55.4,28.8,26.6,379516.700836,2396107111.87
16,163,16305,REGIÓN DEL ÑUBLE,PUNILLA,SAN NICOLÁS,4727,4725,2,11603,5796,5807,20.5,99.8,49.6,27.8,21.8,162472.117493,878015120.575
8,81,8101,REGIÓN DEL BIOBÍO,CONCEPCIÓN,CONCEPCIÓN,85638,85352,286,223574,107624,115950,1033.6,92.8,39.2,21.8,17.3,104779.936246,337655453.685
8,81,8102,REGIÓN DEL BIOBÍO,CONCEPCIÓN,CORONEL,41175,41144,31,116262,55799,60463,424.9,92.3,47.6,33.2,14.4,156823.69364,429472775.17499995
8,81,8103,REGIÓN DEL BIOBÍO,CONCEPCIÓN,CHIGUAYANTE,28959,28943,16,85938,40505,45433,1354.6,89.2,44.6,28.3,16.3,60471.5870353,99210118.3328
8,81,8104,REGIÓN DEL BIOBÍO,CONCEPCIÓN,FLORIDA,5172,5164,8,10624,5386,5238,17.5,102.8,51.5,25.9,25.6,175992.449341,946532323.884
8,81,8105,REGIÓN DEL BIOBÍO,CONCEPCIÓN,HUALQUI,9031,9012,19,24333,11843,12490,45.5,94.8,49.2,32.6,16.6,168142.436388,839128260.672
8,81,8106,REGIÓN DEL BIOBÍO,CONCEPCIÓN,LOTA,15489,15486,3,43535,20950,22585,378.5,92.8,48.9,30.0,18.9,80583.6139254,180821659.447
8,81,8107,REGIÓN DEL BIOBÍO,CONCEPCIÓN,PENCO,15834,15824,10,47367,22617,24750,440.0,91.4,47.1,29.6,17.6,85196.0087896,167710460.818
8,81,8108,REGIÓN DEL BIOBÍO,CONCEPCIÓN,SAN PEDRO DE LA PAZ,47511,47489,22,131808,62941,68867,1435.3,91.4,46.4,33.6,12.8,63232.7918874,143580130.654
8,81,8109,REGIÓN DEL BIOBÍO,CONCEPCIÓN,SANTA JUANA,6219,6211,8,13749,6751,6998,17.6,96.5,53.9,31.3,22.6,212005.229418,1233219764.57
8,81,8110,REGIÓN DEL BIOBÍO,CONCEPCIÓN,TALCAHUANO,50599,50550,49,151749,72993,78756,1624.6,92.7,45.0,27.5,17.5,122103.03336,145493090.847
8,81,8111,REGIÓN DEL BIOBÍO,CONCEPCIÓN,TOMÉ,23323,23311,12,54946,25919,29027,110.6,89.3,50.5,28.9,21.6,182212.482227,771827563.5129999
8,81,8112,REGIÓN DEL BIOBÍO,CONCEPCIÓN,HUALPÉN,30722,30704,18,91773,43488,48285,2008.7,90.1,46.2,27.9,18.3,57747.713847,71218738.5575
8,82,8201,REGIÓN DEL BIOBÍO,ARAUCO,LEBU,9288,9262,26,25522,12441,13081,45.4,95.1,50.0,33.6,16.4,267490.101201,896544006.192
8,82,8202,REGIÓN DEL BIOBÍO,ARAUCO,ARAUCO,13252,13211,41,36257,17875,18382,37.8,97.2,48.0,31.7,16.3,271736.026818,1515518265.42
8,82,8203,REGIÓN DEL BIOBÍO,ARAUCO,CAÑETE,12855,12835,20,34537,16641,17896,31.7,93.0,54.5,36.0,18.5,286923.810881,1747980313.72
8,82,8204,REGIÓN DEL BIOBÍO,ARAUCO,CONTULMO,2694,2687,7,6031,3028,3003,9.4,100.8,53.6,31.5,22.1,247329.515505,1033771357.54
8,82,8205,REGIÓN DEL BIOBÍO,ARAUCO,CURANILAHUE,11301,11290,11,32288,15828,16460,32.1,96.2,49.1,32.2,16.9,251827.108077,1593853083.46
8,82,8206,REGIÓN DEL BIOBÍO,ARAUCO,LOS ÁLAMOS,7721,7711,10,21035,10203,10832,34.9,94.2,53.5,37.4,16.1,235085.58856,961624771.217
8,82,8207,REGIÓN DEL BIOBÍO,ARAUCO,TIRÚA,4052,4041,11,10417,5195,5222,16.6,99.5,51.5,37.0,14.6,205804.164676,1019758788.96
8,83,8301,REGIÓN DEL BIOBÍO,BIOBÍO,LOS ÁNGELES,74936,74832,104,202331,97980,104351,115.5,93.9,48.9,32.7,16.2,317642.819714,2779001546.46
8,83,8302,REGIÓN DEL BIOBÍO,BIOBÍO,ANTUCO,2008,1996,12,4073,1975,2098,2.1,94.1,56.4,31.1,25.2,390680.890281,3097610482.7600007
8,83,8303,REGIÓN DEL BIOBÍO,BIOBÍO,CABRERO,11048,11028,20,28573,14174,14399,43.4,98.4,48.4,30.5,17.9,177259.948733,1034227658.3
8,83,8304,REGIÓN DEL BIOBÍO,BIOBÍO,LAJA,8747,8734,13,22389,10744,11645,65.1,92.3,53.8,33.1,20.7,97419.4254738,543470069.147
8,83,8305,REGIÓN DEL BIOBÍO,BIOBÍO,MULCHÉN,10689,10665,24,29627,14597,15030,15.4,97.1,52.6,32.7,19.9,379762.585154,3082443220.44
8,83,8306,REGIÓN DEL BIOBÍO,BIOBÍO,NACIMIENTO,10130,10107,23,26315,12962,13353,29.0,97.1,51.0,32.9,18.1,242252.268013,1441694451.42
8,83,8307,REGIÓN DEL BIOBÍO,BIOBÍO,NEGRETE,3521,3518,3,9737,4813,4924,62.6,97.7,53.1,33.6,19.5,95503.4661831,247799050.516
8,83,8308,REGIÓN DEL BIOBÍO,BIOBÍO,QUILACO,1936,1931,5,3988,2001,1987,3.5,100.7,61.5,29.0,32.4,350061.02778,1812783548.82
8,83,8309,REGIÓN DEL BIOBÍO,BIOBÍO,QUILLECO,3880,3875,5,9587,4720,4867,8.5,97.0,57.5,30.2,27.3,297620.754896,1783508480.38
8,83,8310,REGIÓN DEL BIOBÍO,BIOBÍO,SAN ROSENDO,1500,1497,3,3412,1661,1751,36.9,94.9,57.3,31.4,26.0,70279.8414686,145618821.989
8,83,8311,REGIÓN DEL BIOBÍO,BIOBÍO,SANTA BÁRBARA,5447,5432,15,13773,6699,7074,11.0,94.7,55.6,33.9,21.7,285755.854679,1996068534.13
8,83,8312,REGIÓN DEL BIOBÍO,BIOBÍO,TUCAPEL,6510,6500,10,14134,6876,7258,15.5,94.7,56.3,31.9,24.4,210256.560444,1438157194.53
8,83,8313,REGIÓN DEL BIOBÍO,BIOBÍO,YUMBEL,10248,10234,14,21198,10465,10733,29.1,97.5,53.6,27.6,26.0,215543.06635,1146883278.13
8,83,8314,REGIÓN DEL BIOBÍO,BIOBÍO,ALTO BIOBÍO,2137,2107,30,5923,3036,2887,2.8,105.2,57.6,45.5,12.1,321774.097668,3414319254.9500003
9,91,9101,REGIÓN DE LA ARAUCANÍA,CAUTÍN,TEMUCO,104757,104553,204,282415,134289,148126,606.2,90.7,43.8,28.2,15.5,140875.481595,764074905.032
9,91,9102,REGIÓN DE LA ARAUCANÍA,CAUTÍN,CARAHUE,9598,9582,16,24533,12202,12331,18.3,99.0,58.3,35.0,23.2,358130.181795,2189737575.2
9,91,9103,REGIÓN DE LA ARAUCANÍA,CAUTÍN,CUNCO,8036,8024,12,17526,8765,8761,9.3,100.0,58.9,31.2,27.7,355657.700547,3131477594.6
9,91,9104,REGIÓN DE LA ARAUCANÍA,CAUTÍN,CURARREHUE,3281,3269,12,7489,3821,3668,6.4,104.2,56.1,36.4,19.7,316553.80726,1948683221.5300002
9,91,9105,REGIÓN DE LA ARAUCANÍA,CAUTÍN,FREIRE,9293,9284,9,24606,12413,12193,28.1,101.8,51.8,30.4,21.4,248960.523484,1449369646.18
9,91,9106,REGIÓN DE LA ARAUCANÍA,CAUTÍN,GALVARINO,4275,4271,4,11996,6032,5964,21.1,101.1,59.1,36.0,23.1,176700.61363,928215155.887
9,91,9107,REGIÓN DE LA ARAUCANÍA,CAUTÍN,GORBEA,6119,6111,8,14414,6945,7469,20.8,93.0,53.9,28.1,25.8,210702.817609,1149790467.97
9,91,9108,REGIÓN DE LA ARAUCANÍA,CAUTÍN,LAUTARO,14125,14106,19,38013,18448,19565,41.9,94.3,51.3,33.6,17.7,288475.836738,1485257376.04
9,91,9109,REGIÓN DE LA ARAUCANÍA,CAUTÍN,LONCOCHE,10069,10061,8,23612,11502,12110,24.2,95.0,56.6,33.3,23.3,282667.967824,1628795363.31
9,91,9110,REGIÓN DE LA ARAUCANÍA,CAUTÍN,MELIPEUCO,2742,2724,18,6138,3091,3047,5.5,101.4,59.8,31.8,28.0,220281.879876,1825384389.87
9,91,9111,REGIÓN DE LA ARAUCANÍA,CAUTÍN,NUEVA IMPERIAL,12130,12112,18,32510,15870,16640,44.5,95.4,55.9,33.9,22.1,222732.023011,1200724581.76
9,91,9112,REGIÓN DE LA ARAUCANÍA,CAUTÍN,PADRE LAS CASAS,26158,26141,17,76126,36996,39130,164.1,94.5,48.3,33.9,14.4,219600.662195,763485182.7050002
9,91,9113,REGIÓN DE LA ARAUCANÍA,CAUTÍN,PERQUENCO,2877,2876,1,6905,3395,3510,20.8,96.7,53.5,33.2,20.4,143680.770808,540513731.062
9,91,9114,REGIÓN DE LA ARAUCANÍA,CAUTÍN,PITRUFQUÉN,10168,10147,21,24837,12065,12772,43.0,94.5,53.2,30.3,22.9,263912.637322,959745385.289
9,91,9115,REGIÓN DE LA ARAUCANÍA,CAUTÍN,PUCÓN,17356,17242,114,28523,14106,14417,22.8,97.8,46.9,30.9,16.0,269672.722778,2084745939.3499997
9,91,9116,REGIÓN DE LA ARAUCANÍA,CAUTÍN,SAAVEDRA,5686,5672,14,12450,6129,6321,31.8,97.0,61.6,35.1,26.5,149771.676848,643819229.092
9,91,9117,REGIÓN DE LA ARAUCANÍA,CAUTÍN,TEODORO SCHMIDT,6442,6438,4,15045,7526,7519,23.0,100.1,58.9,32.3,26.5,210875.559584,1083850951.06
9,91,9118,REGIÓN DE LA ARAUCANÍA,CAUTÍN,TOLTÉN,4153,4145,8,9722,4883,4839,11.4,100.9,56.4,31.7,24.7,200683.682376,1418067445.02
9,91,9119,REGIÓN DE LA ARAUCANÍA,CAUTÍN,VILCÚN,11112,11101,11,28151,13873,14278,19.9,97.2,51.5,34.1,17.4,328634.965107,2326964864.59
9,91,9120,REGIÓN DE LA ARAUCANÍA,CAUTÍN,VILLARRICA,28288,28215,73,55478,27196,28282,42.9,96.2,50.1,31.9,18.2,286428.357072,2158022034.3
9,91,9121,REGIÓN DE LA ARAUCANÍA,CAUTÍN,CHOLCHOL,4213,4200,13,11611,5773,5838,27.0,98.9,59.0,36.5,22.5,150665.362834,703896180.857
9,92,9201,REGIÓN DE LA ARAUCANÍA,MALLECO,ANGOL,19413,19366,47,53262,25613,27649,44.5,92.6,51.9,32.5,19.4,310256.241006,1916751652.0
9,92,9202,REGIÓN DE LA ARAUCANÍA,MALLECO,COLLIPULLI,9341,9322,19,24598,12064,12534,18.8,96.3,53.9,35.1,18.8,338567.123335,2109220835.8699996
9,92,9203,REGIÓN DE LA ARAUCANÍA,MALLECO,CURACAUTÍN,8182,8166,16,17413,8376,9037,10.5,92.7,56.8,31.5,25.3,269373.614495,2706477491.62
9,92,9204,REGIÓN DE LA ARAUCANÍA,MALLECO,ERCILLA,2821,2818,3,7733,3817,3916,15.5,97.5,59.0,36.9,22.0,212005.202837,805995433.91
9,92,9205,REGIÓN DE LA ARAUCANÍA,MALLECO,LONQUIMAY,4790,4771,19,10251,5346,4905,2.6,109.0,52.2,33.2,19.0,449277.219195,6426573130.04
9,92,9206,REGIÓN DE LA ARAUCANÍA,MALLECO,LOS SAUCES,3051,3043,8,7265,3607,3658,8.5,98.6,53.6,30.0,23.6,207025.063564,1369293325.24
9,92,9207,REGIÓN DE LA ARAUCANÍA,MALLECO,LUMACO,3854,3847,7,9548,4927,4621,8.6,106.6,58.1,34.8,23.3,283707.933295,1801725346.06
9,92,9208,REGIÓN DE LA ARAUCANÍA,MALLECO,PURÉN,4809,4800,9,11779,5677,6102,25.3,93.0,57.3,34.0,23.3,170366.353916,748162078.671
9,92,9209,REGIÓN DE LA ARAUCANÍA,MALLECO,RENAICO,3928,3924,4,10250,4957,5293,38.6,93.7,50.6,32.1,18.5,142091.254269,424376411.809
9,92,9210,REGIÓN DE LA ARAUCANÍA,MALLECO,TRAIGUÉN,7256,7242,14,18843,9019,9824,21.0,91.8,56.7,32.4,24.3,239201.171366,1457396873.88
9,92,9211,REGIÓN DE LA ARAUCANÍA,MALLECO,VICTORIA,12828,12800,28,34182,16408,17774,27.1,92.3,50.9,29.9,21.0,246142.999856,2047228793.86
14,141,14101,REGIÓN DE LOS RÍOS,VALDIVIA,VALDIVIA,61192,60955,237,166080,80348,85732,171.5,93.7,42.8,26.6,16.2,675035.788579,1638118307.23
14,141,14102,REGIÓN DE LOS RÍOS,VALDIVIA,CORRAL,2574,2563,11,5302,2635,2667,7.3,98.8,52.6,28.8,23.8,338809.178859,1228398138.11
14,141,14103,REGIÓN DE LOS RÍOS,VALDIVIA,LANCO,6450,6433,17,16752,8224,8528,31.5,96.4,54.0,33.6,20.4,194794.155677,894625572.821
14,141,14104,REGIÓN DE LOS RÍOS,VALDIVIA,LOS LAGOS,7913,7890,23,19634,9757,9877,11.0,98.8,51.4,31.9,19.5,401592.246827,3042373339.83
14,141,14105,REGIÓN DE LOS RÍOS,VALDIVIA,MÁFIL,2712,2707,5,7095,3492,3603,12.3,96.9,55.3,33.5,21.8,232832.908329,976636778.122
14,141,14106,REGIÓN DE LOS RÍOS,VALDIVIA,MARIQUINA,8417,8405,12,21278,10607,10671,16.4,99.4,55.4,36.5,18.8,470782.728578,2180760009.46
14,141,14107,REGIÓN DE LOS RÍOS,VALDIVIA,PAILLACO,7626,7603,23,20188,10067,10121,22.4,99.5,51.9,31.6,20.3,261851.037352,1541039597.1
14,141,14108,REGIÓN DE LOS RÍOS,VALDIVIA,PANGUIPULLI,16810,16752,58,34539,17199,17340,10.5,99.2,51.9,32.4,19.5,461350.409184,5579645884.44
14,142,14201,REGIÓN DE LOS RÍOS,RANCO,LA UNIÓN,15125,15088,37,38036,18729,19307,17.8,97.0,52.8,31.2,21.6,468285.235587,3656178671.27
14,142,14202,REGIÓN DE LOS RÍOS,RANCO,FUTRONO,6500,6482,18,14665,7252,7413,7.0,97.8,53.4,34.5,18.9,403272.099545,3602720946.74
14,142,14203,REGIÓN DE LOS RÍOS,RANCO,LAGO RANCO,5345,5335,10,9896,5045,4851,5.7,104.0,54.8,31.7,23.0,367260.207947,3007888220.2300005
14,142,14204,REGIÓN DE LOS RÍOS,RANCO,RÍO BUENO,13312,13296,16,31372,15492,15880,14.4,97.6,52.5,29.7,22.8,432091.905985,3764992814.4699993
10,101,10101,REGIÓN DE LOS LAGOS,LLANQUIHUE,PUERTO MONTT,93380,93172,208,245902,121019,124883,146.7,96.9,43.4,31.2,12.2,509090.665446,2985827717.25
10,101,10102,REGIÓN DE LOS LAGOS,LLANQUIHUE,CALBUCO,13570,13534,36,33985,17104,16881,57.7,101.3,51.7,32.3,19.4,603170.086264,1055391910.22
10,101,10103,REGIÓN DE LOS LAGOS,LLANQUIHUE,COCHAMÓ,2240,2220,20,4023,2195,1828,1.0,120.1,48.7,24.8,23.9,785253.926584,7069885376.1
10,101,10104,REGIÓN DE LOS LAGOS,LLANQUIHUE,FRESIA,5262,5254,8,12261,6181,6080,9.6,101.7,51.1,28.5,22.6,330414.199913,2250857747.05
10,101,10105,REGIÓN DE LOS LAGOS,LLANQUIHUE,FRUTILLAR,7909,7885,24,18428,9093,9335,22.2,97.4,48.2,30.6,17.6,205352.902033,1459163294.67
10,101,10106,REGIÓN DE LOS LAGOS,LLANQUIHUE,LOS MUERMOS,7264,7257,7,17068,8681,8387,13.9,103.5,53.1,30.4,22.7,325806.049398,2172787105.88
10,101,10107,REGIÓN DE LOS LAGOS,LLANQUIHUE,LLANQUIHUE,6135,6123,12,17591,8627,8964,40.5,96.2,47.1,29.9,17.2,162528.486563,766379274.422
10,101,10108,REGIÓN DE LOS LAGOS,LLANQUIHUE,MAULLÍN,6630,6616,14,14216,7231,6985,17.6,103.5,53.0,27.8,25.2,417772.74622,1446410127.48
10,101,10109,REGIÓN DE LOS LAGOS,LLANQUIHUE,PUERTO VARAS,17643,17541,102,44578,21878,22700,11.1,96.4,46.6,32.3,14.3,737441.572422,7102566223.389999
10,102,10201,REGIÓN DE LOS LAGOS,CHILOÉ,CASTRO,18021,17929,92,43807,21471,22336,93.4,96.1,46.5,30.5,16.0,360384.012401,859404741.438
10,102,10202,REGIÓN DE LOS LAGOS,CHILOÉ,ANCUD,16959,16925,34,38991,19029,19962,22.3,95.3,49.9,29.9,20.0,699050.986313,3153589605.93
10,102,10203,REGIÓN DE LOS LAGOS,CHILOÉ,CHONCHI,6706,6689,17,14858,7445,7413,10.8,100.4,45.3,28.7,16.6,303343.51995,2528748511.18
10,102,10204,REGIÓN DE LOS LAGOS,CHILOÉ,CURACO DE VÉLEZ,1693,1687,6,3829,1853,1976,48.1,93.8,56.3,32.3,24.0,65125.8999114,145772615.464
10,102,10205,REGIÓN DE LOS LAGOS,CHILOÉ,DALCAHUE,5659,5615,44,13762,6913,6849,11.2,100.9,49.0,32.0,17.0,362976.107214,2250612476.87
10,102,10206,REGIÓN DE LOS LAGOS,CHILOÉ,PUQUELDÓN,1641,1623,18,3921,1973,1948,40.8,101.3,52.6,27.4,25.2,97718.636242,177490748.595
10,102,10207,REGIÓN DE LOS LAGOS,CHILOÉ,QUEILÉN,2450,2431,19,5385,2773,2612,16.3,106.2,49.8,30.2,19.6,259289.505387,615108762.6
10,102,10208,REGIÓN DE LOS LAGOS,CHILOÉ,QUELLÓN,11003,10946,57,27192,13857,13335,8.1,103.9,43.9,33.5,10.4,1166512.89201,6291297324.309999
10,102,10209,REGIÓN DE LOS LAGOS,CHILOÉ,QUEMCHI,3860,3832,28,8352,4308,4044,18.9,106.5,52.9,29.2,23.7,460274.695005,802604001.735
10,102,10210,REGIÓN DE LOS LAGOS,CHILOÉ,QUINCHAO,3566,3530,36,8088,3941,4147,51.2,95.0,53.1,30.1,23.1,290462.898663,291215727.379
10,103,10301,REGIÓN DE LOS LAGOS,OSORNO,OSORNO,60132,60059,73,161460,77155,84305,168.7,91.5,47.1,29.8,17.2,326707.921712,1658706044.34
10,103,10302,REGIÓN DE LOS LAGOS,OSORNO,PUERTO OCTAY,4099,4081,18,8999,4721,4278,5.0,110.4,47.1,28.6,18.5,370381.022983,3145091512.71
10,103,10303,REGIÓN DE LOS LAGOS,OSORNO,PURRANQUE,7873,7857,16,20369,9976,10393,14.0,96.0,53.7,30.8,22.9,436778.636209,2544969191.96
10,103,10304,REGIÓN DE LOS LAGOS,OSORNO,PUYEHUE,4911,4893,18,11667,5958,5709,7.1,104.4,49.2,28.5,20.7,410786.574122,2861396383.77
10,103,10305,REGIÓN DE LOS LAGOS,OSORNO,RÍO NEGRO,5670,5662,8,14085,7051,7034,11.1,100.2,53.3,29.8,23.5,385872.461904,2212325419.6
10,103,10306,REGIÓN DE LOS LAGOS,OSORNO,SAN JUAN DE LA COSTA,5314,5309,5,7512,4011,3501,4.9,114.6,55.8,27.3,28.4,328155.239617,2630425914.94
10,103,10307,REGIÓN DE LOS LAGOS,OSORNO,SAN PABLO,4235,4229,6,10030,4978,5052,15.9,98.5,54.4,29.0,25.4,232810.12613,1084334328.75
10,104,10401,REGIÓN DE LOS LAGOS,PALENA,CHAITÉN,2221,2161,60,5071,3016,2055,0.6,146.8,37.5,23.9,13.6,1410514.57927,15552755015.8
10,104,10402,REGIÓN DE LOS LAGOS,PALENA,FUTALEUFÚ,1433,1409,24,2623,1375,1248,2.1,110.2,43.6,26.2,17.4,304755.904847,2325351602.16
10,104,10403,REGIÓN DE LOS LAGOS,PALENA,HUALAIHUÉ,4439,4418,21,8944,4701,4243,3.1,110.8,49.9,33.4,16.5,811101.654229,5268254769.09
10,104,10404,REGIÓN DE LOS LAGOS,PALENA,PALENA,1002,999,3,1711,886,825,0.6,107.4,49.2,26.2,23.0,499055.665408,5077216796.68
11,111,11101,REGIÓN DE AYSÉN DEL GENERAL CARLOS IBÁÑEZ DEL CAMPO,COYHAIQUE,COYHAIQUE,23999,23863,136,57818,28763,29055,7.9,99.0,47.5,34.4,13.1,1019026.96659,14834742764.599998
11,111,11102,REGIÓN DE AYSÉN DEL GENERAL CARLOS IBÁÑEZ DEL CAMPO,COYHAIQUE,LAGO VERDE,606,592,14,852,494,358,0.2,138.0,46.6,26.2,20.5,779258.452035,10678330699.8
11,112,11201,REGIÓN DE AYSÉN DEL GENERAL CARLOS IBÁÑEZ DEL CAMPO,AYSÉN,AYSÉN,9617,9496,121,23959,12719,11240,0.8,113.2,46.9,34.2,12.6,13196260.0802,61944075459.3
11,112,11202,REGIÓN DE AYSÉN DEL GENERAL CARLOS IBÁÑEZ DEL CAMPO,AYSÉN,CISNES,2940,2806,134,6517,3922,2595,0.4,151.1,35.4,25.6,9.8,9570064.76152,30225633306.8
11,112,11203,REGIÓN DE AYSÉN DEL GENERAL CARLOS IBÁÑEZ DEL CAMPO,AYSÉN,GUAITECAS,690,677,13,1843,1166,677,2.9,172.2,32.4,23.8,8.6,1279899.6345,1211369794.32
11,113,11301,REGIÓN DE AYSÉN DEL GENERAL CARLOS IBÁÑEZ DEL CAMPO,CAPITÁN PRAT,COCHRANE,1771,1726,45,3490,1902,1588,0.4,119.8,43.4,29.9,13.5,868268.340135,18804271743.4
11,113,11302,REGIÓN DE AYSÉN DEL GENERAL CARLOS IBÁÑEZ DEL CAMPO,CAPITÁN PRAT,O'HIGGINS,363,345,18,625,374,251,0.1,149.0,39.8,30.2,9.6,809630.583046,17619864339.2
11,113,11303,REGIÓN DE AYSÉN DEL GENERAL CARLOS IBÁÑEZ DEL CAMPO,CAPITÁN PRAT,TORTEL,320,303,17,523,285,238,0.0,119.7,43.3,33.7,9.6,12963181.1673,44929437799.1
11,114,11401,REGIÓN DE AYSÉN DEL GENERAL CARLOS IBÁÑEZ DEL CAMPO,GENERAL CARRERA,CHILE CHICO,2602,2560,42,4865,2577,2288,0.8,112.6,46.1,29.1,17.0,702151.1085,12245257156.2
11,114,11402,REGIÓN DE AYSÉN DEL GENERAL CARLOS IBÁÑEZ DEL CAMPO,GENERAL CARRERA,RÍO IBÁÑEZ,1813,1785,28,2666,1445,1221,0.4,118.3,49.0,26.6,22.5,616637.394445,12545169348.9
12,121,12101,REGIÓN DE MAGALLANES Y DE LA ANTÁRTICA CHILENA,MAGALLANES,PUNTA ARENAS,50501,50297,204,131592,65538,66054,7.4,99.2,44.3,27.2,17.1,23890618.442300003,50360774879.399994
12,121,12102,REGIÓN DE MAGALLANES Y DE LA ANTÁRTICA CHILENA,MAGALLANES,LAGUNA BLANCA,285,274,11,274,191,83,0.1,230.1,38.4,23.7,14.6,509762.682648,9341688958.39
12,121,12103,REGIÓN DE MAGALLANES Y DE LA ANTÁRTICA CHILENA,MAGALLANES,RÍO VERDE,231,204,27,617,522,95,0.1,549.5,8.1,2.3,5.8,6348059.2376,25055775218.4
12,121,12104,REGIÓN DE MAGALLANES Y DE LA ANTÁRTICA CHILENA,MAGALLANES,SAN GREGORIO,372,344,28,799,619,180,0.1,343.9,17.5,10.0,7.5,952277.962615,17994593054.3
12,122,12201,REGIÓN DE MAGALLANES Y DE LA ANTÁRTICA CHILENA,ANTÁRTICA CHILENA,CABO DE HORNOS,762,716,46,2063,1195,868,0.1,137.7,39.3,34.9,4.4,20655966.6326,47830572063.5
12,122,12202,REGIÓN DE MAGALLANES Y DE LA ANTÁRTICA CHILENA,ANTÁRTICA CHILENA,ANTÁRTICA,17,9,8,138,126,12,0.0,1050.0,6.2,6.2,0.0,54485476.8457,24525685068500.0
12,123,12301,REGIÓN DE MAGALLANES Y DE LA ANTÁRTICA CHILENA,TIERRA DEL FUEGO,PORVENIR,3187,3127,60,6801,3993,2808,0.9,142.2,39.2,25.7,13.5,898301.323071,20462072270.7
12,123,12302,REGIÓN DE MAGALLANES Y DE LA ANTÁRTICA CHILENA,TIERRA DEL FUEGO,PRIMAVERA,472,399,73,1158,930,228,0.3,407.9,14.3,9.2,5.1,729898.197608,11662605828.7
12,123,12303,REGIÓN DE MAGALLANES Y DE LA ANTÁRTICA CHILENA,TIERRA DEL FUEGO,TIMAUKEL,214,206,8,405,343,62,0.0,553.2,15.1,8.0,7.1,2862313.32869,32044560331.099995
12,124,12401,REGIÓN DE MAGALLANES Y DE LA ANTÁRTICA CHILENA,ÚLTIMA ESPERANZA,NATALES,9369,9259,110,21477,10992,10485,0.4,104.8,46.7,27.8,18.8,50997972.1935,121366355538.0
12,124,12402,REGIÓN DE MAGALLANES Y DE LA ANTÁRTICA CHILENA,ÚLTIMA ESPERANZA,TORRES DEL PAINE,226,188,38,1209,800,409,0.2,195.6,11.8,4.4,7.4,789209.528182,16607397275.1
